{"cameraMode":{"drawMode":0,"name":"Shaded","section":"Shading Mode"},"sceneLighting":true,"audioPlay":false,"sceneViewState":{"m_AlwaysRefresh":false,"showFog":true,"showSkybox":true,"showFlares":true,"showImageEffects":true,"showParticleSystems":true,"showVisualEffectGraphs":true,"m_FxEnabled":true},"in2DMode":false,"pivot":{"x":-7.050296783447266,"y":2.485650062561035,"z":1.623701572418213},"rotation":{"x":0.03432813659310341,"y":-0.5298176407814026,"z":0.021469395607709886,"w":0.8471450209617615},"size":10.739923477172852,"orthographic":false}