{"cameraMode":{"drawMode":0,"name":"Shaded","section":"Shading Mode"},"sceneLighting":true,"audioPlay":false,"sceneViewState":{"m_AlwaysRefresh":false,"showFog":true,"showSkybox":false,"showFlares":true,"showImageEffects":true,"showParticleSystems":true,"showVisualEffectGraphs":true,"m_FxEnabled":true},"in2DMode":false,"pivot":{"x":2.7034718990325929,"y":2.112475872039795,"z":-4.190300941467285},"rotation":{"x":0.41176098585128786,"y":-0.020501280203461648,"z":0.009266187436878682,"w":0.9110140800476074},"size":3.5369210243225099,"orthographic":false}