{"cameraMode":{"drawMode":0,"name":"Shaded","section":"Shading Mode"},"sceneLighting":false,"audioPlay":false,"sceneViewState":{"m_AlwaysRefresh":false,"showFog":true,"showSkybox":false,"showFlares":true,"showImageEffects":true,"showParticleSystems":true,"showVisualEffectGraphs":true,"m_FxEnabled":true},"in2DMode":false,"pivot":{"x":-0.0017185211181640626,"y":0.08254659175872803,"z":2.499998092651367},"rotation":{"x":0.5590807199478149,"y":0.07930507510900498,"z":-0.05383757874369621,"w":0.8235554099082947},"size":2.5855963230133058,"orthographic":true}