{"cameraMode":{"drawMode":2,"name":"Shaded Wireframe","section":"Shading Mode"},"sceneLighting":false,"audioPlay":false,"sceneViewState":{"showFog":true,"showMaterialUpdate":true,"showSkybox":true,"showFlares":true,"showImageEffects":true,"showParticleSystems":true},"in2DMode":false,"pivot":{"x":-0.4704238772392273,"y":0.7310271263122559,"z":0.5258049964904785},"rotation":{"x":0.02861347794532776,"y":0.9441353678703308,"z":-0.31707343459129336,"w":0.08520229160785675},"size":2.765068292617798,"orthographic":false}